problem,solver,settings,runtime,found,primal_residual,dual_residual,duality_gap
arm_ur10_qp_  0,clarabel,default,0.00029312300102901645,True,0.0,4.753679861872691e-13,6.946986895461915e-09
arm_ur10_qp_  0,clarabel,high_accuracy,0.00026118100140593015,True,0.0,1.0179408465213231e-14,6.958177090066187e-11
arm_ur10_qp_  0,clarabel,low_accuracy,0.00022029799947631545,True,0.0,5.551115123125783e-17,0.00035414830733327893
arm_ur10_qp_  0,clarabel,mid_accuracy,0.00023697500000707805,True,0.0,5.551115123125783e-17,6.09371845284104e-07
arm_ur10_qp_  0,cvxopt,default,0.0024574260005465476,True,0.0,5.551115123125783e-17,2.4999392399943643e-09
arm_ur10_qp_  0,cvxopt,high_accuracy,0.0008973439998953836,True,0.0,5.551115123125783e-17,2.4999392399943643e-09
arm_ur10_qp_  0,cvxopt,low_accuracy,0.0008510179995937506,True,0.0,5.551115123125783e-17,2.4999392399943643e-09
arm_ur10_qp_  0,cvxopt,mid_accuracy,0.0008577379994676448,True,0.0,5.551115123125783e-17,2.4999392399943643e-09
arm_ur10_qp_  0,daqp,default,0.00010084200039273128,True,6.938893903907228e-18,2.7755575615628914e-17,2.2551405187698492e-17
arm_ur10_qp_  0,daqp,high_accuracy,6.868799937365111e-05,True,6.938893903907228e-18,2.7755575615628914e-17,2.2551405187698492e-17
arm_ur10_qp_  0,daqp,low_accuracy,6.28929992672056e-05,True,6.938893903907228e-18,2.7755575615628914e-17,2.2551405187698492e-17
arm_ur10_qp_  0,daqp,mid_accuracy,8.696999975654762e-05,True,6.938893903907228e-18,2.7755575615628914e-17,2.2551405187698492e-17
arm_ur10_qp_  0,ecos,default,0.0003782540006795898,True,0.0,7.87783328251579e-06,9.972884688208561e-08
arm_ur10_qp_  0,ecos,high_accuracy,0.000327231999108335,True,0.0,7.87783328251579e-06,9.972884688208561e-08
arm_ur10_qp_  0,ecos,low_accuracy,0.0003402660004212521,True,0.0,7.87783328251579e-06,9.972884688208561e-08
arm_ur10_qp_  0,ecos,mid_accuracy,0.0003402290003577946,True,0.0,7.87783328251579e-06,9.972884688208561e-08
arm_ur10_qp_  0,gurobi,default,0.040803208999932394,True,0.0,1.4277464496613389e-08,1.6938924048137682e-10
arm_ur10_qp_  0,gurobi,high_accuracy,0.0016538529998797458,True,0.0,1.4277464496613389e-08,1.6938924048137682e-10
arm_ur10_qp_  0,gurobi,low_accuracy,0.0016357720014639199,True,0.0,1.4277464496613389e-08,1.6938924048137682e-10
arm_ur10_qp_  0,gurobi,mid_accuracy,0.0015327649998653214,True,0.0,1.4277464496613389e-08,1.6938924048137682e-10
arm_ur10_qp_  0,highs,default,0.0010222680011793273,True,0.0,1.6000000213622911e-09,1.1359353561946062e-10
arm_ur10_qp_  0,highs,high_accuracy,0.0006479889998445287,True,0.0,1.6000000213622911e-09,1.1359353561946062e-10
arm_ur10_qp_  0,highs,low_accuracy,0.00060681799914164,True,0.0,1.6000000213622911e-09,1.1359353561946062e-10
arm_ur10_qp_  0,highs,mid_accuracy,0.0006139689994597575,True,0.0,1.6000000213622911e-09,1.1359353561946062e-10
arm_ur10_qp_  0,osqp,default,0.0003634729982877616,True,4.0774691663570534e-05,2.458194764243249e-06,6.722604525215281e-06
arm_ur10_qp_  0,osqp,high_accuracy,0.00037537200114456937,True,3.2424132823116736e-12,6.865724655469307e-11,4.5227658423963035e-12
arm_ur10_qp_  0,osqp,low_accuracy,0.00033174499913002364,True,8.514294665921268e-07,2.9168358886111356e-05,1.6619430755482334e-06
arm_ur10_qp_  0,osqp,mid_accuracy,0.0003393890001461841,True,8.387908596863003e-10,3.491712072811737e-07,6.4995321832905795e-09
arm_ur10_qp_  0,piqp,default,0.00015968200023053214,True,0.0,1.0215608311759368e-08,7.849744411772552e-09
arm_ur10_qp_  0,piqp,high_accuracy,0.00016133799908857327,True,0.0,1.0215621543746334e-10,7.849884804678187e-11
arm_ur10_qp_  0,piqp,low_accuracy,0.00012697000056505203,True,0.0,1.4833377539249116e-05,3.547980806792479e-05
arm_ur10_qp_  0,piqp,mid_accuracy,0.00011938500028918497,True,0.0,1.0215608311759368e-08,7.849744411772552e-09
arm_ur10_qp_  0,proxqp,default,0.0003332699998281896,True,4.559558327453181e-06,1.2636652835240625e-10,1.5489181840327992e-06
arm_ur10_qp_  0,proxqp,high_accuracy,0.00015410900050483178,True,5.997840314686531e-10,1.1539380562197721e-14,1.1510732297881354e-10
arm_ur10_qp_  0,proxqp,low_accuracy,0.0001210549999086652,True,0.0007455055926894917,2.4559178357641542e-08,0.00030314404795572444
arm_ur10_qp_  0,proxqp,mid_accuracy,0.00012032199992972892,True,4.2810894766535934e-07,1.0320133636554374e-11,1.2711319394981269e-07
arm_ur10_qp_  0,qpalm,default,0.0002960939982585842,True,2.3584737404595824e-05,1.9408086249228518e-11,3.4867483883899153e-06
arm_ur10_qp_  0,qpalm,high_accuracy,0.00018584799909149297,True,5.713208899027489e-10,6.522560269672795e-16,1.0445056798646934e-10
arm_ur10_qp_  0,qpalm,low_accuracy,0.00024158900123438798,True,0.00020428495923438192,4.0660956546201277e-10,2.4437795742683968e-05
arm_ur10_qp_  0,qpalm,mid_accuracy,0.0002647180008352734,True,3.292168369133097e-07,2.989275493803234e-13,5.7001677357393365e-08
arm_ur10_qp_  0,quadprog,default,9.711700113257393e-05,True,3.469446951953614e-18,1.1102230246251565e-16,1.734723475976807e-18
arm_ur10_qp_  0,quadprog,high_accuracy,6.991600093897432e-05,True,3.469446951953614e-18,1.1102230246251565e-16,1.734723475976807e-18
arm_ur10_qp_  0,quadprog,low_accuracy,6.560899964824785e-05,True,3.469446951953614e-18,1.1102230246251565e-16,1.734723475976807e-18
arm_ur10_qp_  0,quadprog,mid_accuracy,5.23429989698343e-05,True,3.469446951953614e-18,1.1102230246251565e-16,1.734723475976807e-18
arm_ur10_qp_  0,scs,default,0.00042802700045285746,True,4.0346468632428134e-05,2.50053335879713e-06,6.2752838553246926e-06
arm_ur10_qp_  0,scs,high_accuracy,0.0004746470003738068,True,6.573275344173846e-10,4.463707181656673e-11,1.0232778686891653e-10
arm_ur10_qp_  0,scs,low_accuracy,0.0003456610011198791,True,0.0008977531789454273,5.8166279424676226e-05,0.0002685607515379544
arm_ur10_qp_  0,scs,mid_accuracy,0.000401487000999623,True,8.148266518286096e-08,5.1624670441285936e-09,1.2576188344187722e-08
arm_ur3_qp_  0,clarabel,default,0.0004420999903231,True,0.0,1.0813166564948608e-12,5.296077938612281e-09
arm_ur3_qp_  0,clarabel,high_accuracy,0.0003148000105284,True,0.0,4.548699809284358e-13,8.930268508185181e-10
arm_ur3_qp_  0,clarabel,low_accuracy,0.0003481999738141,True,0.0,4.163336342344337e-17,2.3394919707615987e-05
arm_ur3_qp_  0,cvxopt,default,0.0189872999908402,True,0.0,2.0816681711721685e-17,1.8628619314654812e-08
arm_ur3_qp_  0,cvxopt,high_accuracy,0.0132970999693498,True,0.0,2.0816681711721685e-17,1.8628619314654812e-08
arm_ur3_qp_  0,cvxopt,low_accuracy,0.0145818999735638,True,0.0,2.0816681711721685e-17,1.8628619314654812e-08
arm_ur3_qp_  0,daqp,default,0.0002772000152617,True,5.2041704279304207e-17,6.938893903907228e-18,5.637851296924623e-18
arm_ur3_qp_  0,daqp,high_accuracy,0.0001920000067912,True,5.2041704279304207e-17,6.938893903907228e-18,5.637851296924623e-18
arm_ur3_qp_  0,daqp,low_accuracy,0.0001875000307336,True,5.2041704279304207e-17,6.938893903907228e-18,5.637851296924623e-18
arm_ur3_qp_  0,ecos,default,0.0007543000392615,True,0.0,6.083229232066098e-06,9.481680685822363e-09
arm_ur3_qp_  0,ecos,high_accuracy,0.0009447999764233,True,0.0,6.083229232066098e-06,9.481680685822363e-09
arm_ur3_qp_  0,ecos,low_accuracy,0.0008064999710768,True,0.0,6.083229232066098e-06,9.481680685822363e-09
arm_ur3_qp_  0,highs,default,0.0025663999840617,True,0.0,3.8024893966161616e-05,6.082989692079294e-07
arm_ur3_qp_  0,highs,high_accuracy,0.0014101999695412,True,0.0,3.8024893966161616e-05,6.082989692079294e-07
arm_ur3_qp_  0,highs,low_accuracy,0.0010187999578192,True,0.0,3.8024893966161616e-05,6.082989692079294e-07
arm_ur3_qp_  0,osqp,default,0.0007218000246211,True,5.05671550343062e-05,1.703307125990039e-06,4.021116329818494e-06
arm_ur3_qp_  0,osqp,high_accuracy,0.0004986999556422,True,1.8407476931603384e-11,1.0121465297829868e-11,3.526411801457741e-12
arm_ur3_qp_  0,osqp,low_accuracy,0.0005870999884791,True,7.444350808120948e-07,5.134217881661018e-06,1.2063836365375918e-07
arm_ur3_qp_  0,proxqp,default,0.0044850999838672,True,7.8144472562304e-06,8.943569496100423e-11,6.423079675979548e-07
arm_ur3_qp_  0,proxqp,high_accuracy,0.0054072000202722,True,1.6730681770549258e-10,1.8318679906315083e-15,1.353702436604487e-11
arm_ur3_qp_  0,proxqp,low_accuracy,0.0024979999870993,True,0.0008350854991409,1.0865336533272265e-08,8.077941127304427e-05
arm_ur3_qp_  0,quadprog,default,0.0001683000009506,True,1.734723475976807e-18,8.326672684688674e-17,1.3010426069826053e-18
arm_ur3_qp_  0,quadprog,high_accuracy,0.0001467000111006,True,1.734723475976807e-18,8.326672684688674e-17,1.3010426069826053e-18
arm_ur3_qp_  0,quadprog,low_accuracy,0.0001099999644793,True,1.734723475976807e-18,8.326672684688674e-17,1.3010426069826053e-18
arm_ur3_qp_  0,scs,default,0.0009518000297248,True,4.704840240439719e-05,1.588604463295673e-06,3.8017630234572423e-06
arm_ur3_qp_  0,scs,high_accuracy,0.000639800040517,True,1.6969897709273596e-11,1.1400116961546305e-12,7.136682737829414e-13
arm_ur3_qp_  0,scs,low_accuracy,0.0012420000275596,True,0.0008366581981648,4.1946429088210365e-05,8.240767780879742e-05
arm_ur3_qp_  1,clarabel,default,0.0002937000244855,True,0.0,1.0141269755581985e-13,1.7222755773621532e-09
arm_ur3_qp_  1,clarabel,high_accuracy,0.000320199993439,True,0.0,2.0685341862391133e-15,1.723084066922176e-11
arm_ur3_qp_  1,clarabel,low_accuracy,0.0004752000095322,True,0.0,1.0408340855860844e-17,6.737682968773915e-06
arm_ur3_qp_  1,cvxopt,default,0.008473000023514,True,0.0,2.775557561562892e-17,2.832412526959996e-09
arm_ur3_qp_  1,cvxopt,high_accuracy,0.0073005000012926,True,0.0,2.775557561562892e-17,2.832412526959996e-09
arm_ur3_qp_  1,cvxopt,low_accuracy,0.0070368000306189,True,0.0,2.775557561562892e-17,2.832412526959996e-09
arm_ur3_qp_  1,daqp,default,0.0002175999688915,True,1.7347234759768068e-17,1.8214596497756478e-17,8.673617379884035e-19
arm_ur3_qp_  1,daqp,high_accuracy,0.0001279999851249,True,1.7347234759768068e-17,1.8214596497756478e-17,8.673617379884035e-19
arm_ur3_qp_  1,daqp,low_accuracy,0.0001278000418096,True,1.7347234759768068e-17,1.8214596497756478e-17,8.673617379884035e-19
arm_ur3_qp_  1,ecos,default,0.0005971000064164,True,0.0,6.55780957274241e-06,1.2497109387480181e-08
arm_ur3_qp_  1,ecos,high_accuracy,0.0005833999603055,True,0.0,6.55780957274241e-06,1.2497109387480181e-08
arm_ur3_qp_  1,ecos,low_accuracy,0.0005839999648742,True,0.0,6.55780957274241e-06,1.2497109387480181e-08
arm_ur3_qp_  1,highs,default,0.0008987999754026,True,0.0,0.0073140623664831,7.378859214917342e-05
arm_ur3_qp_  1,highs,high_accuracy,0.0013049999834038,True,0.0,0.0073140623664831,7.378859214917342e-05
arm_ur3_qp_  1,highs,low_accuracy,0.0008587999618612,True,0.0,0.0073140623664831,7.378859214917342e-05
arm_ur3_qp_  1,osqp,default,0.0005841000238433,True,0.0007664486564682,9.638343128340594e-05,6.319566215200298e-05
arm_ur3_qp_  1,osqp,high_accuracy,0.0004795000422745,True,1.0881723647160335e-10,7.905449211920157e-11,4.2956246198988516e-12
arm_ur3_qp_  1,osqp,low_accuracy,0.000452900014352,True,0.0007664486564682,9.638343128340594e-05,6.319566215200298e-05
arm_ur3_qp_  1,proxqp,default,0.0035619999980553,True,9.849168484607485e-07,3.669254917265663e-11,8.824314364224048e-08
arm_ur3_qp_  1,proxqp,high_accuracy,0.0062341999728232,True,4.11302717578943e-10,1.531500620766124e-14,3.6697373004962446e-11
arm_ur3_qp_  1,proxqp,low_accuracy,0.003246999986004,True,0.0006276230993337,1.379292770181174e-08,6.630002074852143e-05
arm_ur3_qp_  1,quadprog,default,0.0001015000161714,True,1.734723475976807e-18,1.9949319973733282e-17,4.336808689942019e-19
arm_ur3_qp_  1,quadprog,high_accuracy,0.000139899959322,True,1.734723475976807e-18,1.9949319973733282e-17,4.336808689942019e-19
arm_ur3_qp_  1,quadprog,low_accuracy,9.61000332608819e-05,True,1.734723475976807e-18,1.9949319973733282e-17,4.336808689942019e-19
arm_ur3_qp_  1,scs,default,0.0005175999831408,True,4.731170271311813e-06,8.996949671753393e-07,3.914962836009967e-07
arm_ur3_qp_  1,scs,high_accuracy,0.0005414000479504,True,7.002717850035367e-11,1.3316395729157104e-11,5.7957085311532985e-12
arm_ur3_qp_  1,scs,low_accuracy,0.0004910000134259,True,4.731170271311813e-06,8.996949671753393e-07,3.914962836009967e-07
arm_ur3_qp_  2,clarabel,default,0.0003562999772839,True,0.0,1.2865720145639768e-13,1.9257284523521014e-09
arm_ur3_qp_  2,clarabel,high_accuracy,0.0012482999591156,True,0.0,2.617711673375286e-15,1.926578254568545e-11
arm_ur3_qp_  2,clarabel,low_accuracy,0.000280600041151,True,0.0,4.163336342344337e-17,7.886364872771237e-06
arm_ur3_qp_  2,cvxopt,default,0.0119727999554015,True,0.0,2.775557561562892e-17,1.7719212340883831e-09
arm_ur3_qp_  2,cvxopt,high_accuracy,0.011282299994491,True,0.0,2.775557561562892e-17,1.7719212340883831e-09
arm_ur3_qp_  2,cvxopt,low_accuracy,0.0115399000351317,True,0.0,2.775557561562892e-17,1.7719212340883831e-09
arm_ur3_qp_  2,daqp,default,0.0001276000402867,True,3.122502256758253e-17,1.3877787807814457e-17,2.818925648462312e-18
arm_ur3_qp_  2,daqp,high_accuracy,0.0001252000220119,True,3.122502256758253e-17,1.3877787807814457e-17,2.818925648462312e-18
arm_ur3_qp_  2,daqp,low_accuracy,0.0001525999978184,True,3.122502256758253e-17,1.3877787807814457e-17,2.818925648462312e-18
arm_ur3_qp_  2,ecos,default,0.000616599980276,True,0.0,4.510313682004087e-06,8.795810934420986e-09
arm_ur3_qp_  2,ecos,high_accuracy,0.0006175999878905,True,0.0,4.510313682004087e-06,8.795810934420986e-09
arm_ur3_qp_  2,ecos,low_accuracy,0.0007859999896027,True,0.0,4.510313682004087e-06,8.795810934420986e-09
arm_ur3_qp_  2,highs,default,0.0008986000320874,True,0.0,0.0065591302157347,8.019227333314256e-05
arm_ur3_qp_  2,highs,high_accuracy,0.0018461000290699,True,0.0,0.0065591302157347,8.019227333314256e-05
arm_ur3_qp_  2,highs,low_accuracy,0.0009558000019751,True,0.0,0.0065591302157347,8.019227333314256e-05
arm_ur3_qp_  2,osqp,default,0.0006604000227525,True,0.0002944683005999,5.3113643948722e-05,2.225676194261665e-05
arm_ur3_qp_  2,osqp,high_accuracy,0.000618599995505,True,3.504419324174002e-11,2.4386547546136968e-11,3.692575759051131e-15
arm_ur3_qp_  2,osqp,low_accuracy,0.0006767999730072,True,0.0002944683005999,5.3113643948722e-05,2.225676194261665e-05
arm_ur3_qp_  2,proxqp,default,0.0041458999621681,True,5.230132606691418e-07,1.7186199512131406e-11,4.5202427048814116e-08
arm_ur3_qp_  2,proxqp,high_accuracy,0.0045270000118762,True,1.6510636954847335e-10,6.3759761359527545e-15,1.384220906300304e-11
arm_ur3_qp_  2,proxqp,low_accuracy,0.0029686999623663,True,0.0003087011507739,5.477498143426074e-09,1.892383398584621e-05
arm_ur3_qp_  2,quadprog,default,8.979998528957367e-05,True,0.0,4.4235448637408575e-17,2.1684043449710093e-19
arm_ur3_qp_  2,quadprog,high_accuracy,0.0001214999938383,True,0.0,4.4235448637408575e-17,2.1684043449710093e-19
arm_ur3_qp_  2,quadprog,low_accuracy,9.579997276887298e-05,True,0.0,4.4235448637408575e-17,2.1684043449710093e-19
arm_ur3_qp_  2,scs,default,0.0005186999915167,True,1.5696605097127725e-06,3.227419795455612e-07,1.2029863587182876e-07
arm_ur3_qp_  2,scs,high_accuracy,0.0011582999723032,True,1.052963272130114e-11,2.164890263066776e-12,8.066602941170231e-13
arm_ur3_qp_  2,scs,low_accuracy,0.000487899989821,True,0.0005930979104097,0.0001186597523126,4.490131231916616e-05
arm_ur3_qp_  3,clarabel,default,0.000296700047329,True,0.0,2.0847093582659906e-13,5.355089191094037e-10
arm_ur3_qp_  3,clarabel,high_accuracy,0.0002987000043503,True,0.0,2.0847093582659906e-13,5.355089191094037e-10
arm_ur3_qp_  3,clarabel,low_accuracy,0.0002836000057868,True,0.0,2.775557561562892e-17,9.74559729529311e-06
arm_ur3_qp_  3,cvxopt,default,0.0134089000057429,True,0.0,4.163336342344337e-17,2.6288755762115396e-09
arm_ur3_qp_  3,cvxopt,high_accuracy,0.00932469998952,True,0.0,4.163336342344337e-17,2.6288755762115396e-09
arm_ur3_qp_  3,cvxopt,low_accuracy,0.0123376999981701,True,0.0,4.163336342344337e-17,2.6288755762115396e-09
arm_ur3_qp_  3,daqp,default,0.0001349999802187,True,3.469446951953614e-18,8.239936510889834e-18,4.77048955893622e-18
arm_ur3_qp_  3,daqp,high_accuracy,0.0001128999865613,True,3.469446951953614e-18,8.239936510889834e-18,4.77048955893622e-18
arm_ur3_qp_  3,daqp,low_accuracy,0.000105999992229,True,0.0015972762675407,1.5178830414797062e-17,3.903127820947816e-18
arm_ur3_qp_  3,ecos,default,0.0007732000085525,True,0.0,7.052910938337405e-06,1.562590210392803e-08
arm_ur3_qp_  3,ecos,high_accuracy,0.0005945999873802,True,0.0,7.052910938337405e-06,1.562590210392803e-08
arm_ur3_qp_  3,ecos,low_accuracy,0.0007922999793663,True,0.0,7.052910938337405e-06,1.562590210392803e-08
arm_ur3_qp_  3,highs,default,0.0010377999860793,True,0.0,0.0055807858114006,7.884378721601448e-05
arm_ur3_qp_  3,highs,high_accuracy,0.0009135999716818,True,0.0,0.0055807858114006,7.884378721601448e-05
arm_ur3_qp_  3,highs,low_accuracy,0.0008860999951139,True,0.0,0.0055807858114006,7.884378721601448e-05
arm_ur3_qp_  3,osqp,default,0.0004437000025063,True,3.3529647397490675e-05,7.274863059356803e-06,2.1505044050873848e-06
arm_ur3_qp_  3,osqp,high_accuracy,0.0007124000112526,True,7.974641780261749e-12,6.145637457960637e-12,1.1853257091132274e-13
arm_ur3_qp_  3,osqp,low_accuracy,0.0004375000135041,True,3.3529647397490675e-05,7.274863059356803e-06,2.1505044050873848e-06
arm_ur3_qp_  3,proxqp,default,0.0032830999698489,True,8.16386202101907e-06,2.6192842469616173e-10,5.884918728086934e-07
arm_ur3_qp_  3,proxqp,high_accuracy,0.0049528999952599,True,1.5233446448714716e-10,6.124874912805112e-15,1.115386494103532e-11
arm_ur3_qp_  3,proxqp,low_accuracy,0.0043402999872341,True,0.000184163181552,1.9997930360282634e-09,1.1530418198902204e-05
arm_ur3_qp_  3,quadprog,default,9.69000393524766e-05,True,0.0,6.591949208711867e-17,2.3852447794681098e-18
arm_ur3_qp_  3,quadprog,high_accuracy,9.90999978967011e-05,True,0.0,6.591949208711867e-17,2.3852447794681098e-18
arm_ur3_qp_  3,quadprog,low_accuracy,0.0001678999979048,True,0.0,6.591949208711867e-17,2.3852447794681098e-18
arm_ur3_qp_  3,scs,default,0.0004389000241644,True,9.956387817179611e-05,2.299231229737709e-05,6.945777165769627e-06
arm_ur3_qp_  3,scs,high_accuracy,0.0004984000115655,True,2.5028622924194716e-10,5.651711220917695e-11,1.6794025371746898e-11
arm_ur3_qp_  3,scs,low_accuracy,0.0005290000117383,True,9.956387817179611e-05,2.299231229737709e-05,6.945777165769627e-06
arm_ur3_qp_  4,clarabel,default,0.000310499977786,True,0.0,1.267505583252792e-14,2.497333702680682e-10
arm_ur3_qp_  4,clarabel,high_accuracy,0.0003220000071451,True,0.0,1.267505583252792e-14,2.497333702680682e-10
arm_ur3_qp_  4,clarabel,low_accuracy,0.000289799994789,True,0.0,4.163336342344337e-17,2.122389253304737e-06
arm_ur3_qp_  4,cvxopt,default,0.0061469000065699,True,0.0,1.3877787807814457e-17,1.3030574223587764e-08
arm_ur3_qp_  4,cvxopt,high_accuracy,0.0056592000182718,True,0.0,1.3877787807814457e-17,1.3030574223587764e-08
arm_ur3_qp_  4,cvxopt,low_accuracy,0.0053624000283889,True,0.0,1.3877787807814457e-17,1.3030574223587764e-08
arm_ur3_qp_  4,daqp,default,0.0001485999673604,True,1.0408340855860844e-17,1.8092623753351852e-17,2.818925648462312e-18
arm_ur3_qp_  4,daqp,high_accuracy,0.0003138000029139,True,1.0408340855860844e-17,1.8092623753351852e-17,2.818925648462312e-18
arm_ur3_qp_  4,daqp,low_accuracy,0.0001378000015392,True,1.0408340855860844e-17,1.8092623753351852e-17,2.818925648462312e-18
arm_ur3_qp_  4,ecos,default,0.0007310000364668,True,0.0,5.922119697288595e-06,2.3091876946408976e-08
arm_ur3_qp_  4,ecos,high_accuracy,0.0006702999817207,True,0.0,5.922119697288595e-06,2.3091876946408976e-08
arm_ur3_qp_  4,ecos,low_accuracy,0.0011271000257693,True,0.0,5.922119697288595e-06,2.3091876946408976e-08
arm_ur3_qp_  4,highs,default,0.0008704999927431,True,0.0,0.0032925237489963,0.0001016432682044
arm_ur3_qp_  4,highs,high_accuracy,0.0012596999877132,True,0.0,0.0032925237489963,0.0001016432682044
arm_ur3_qp_  4,highs,low_accuracy,0.0011314000003039,True,0.0,0.0032925237489963,0.0001016432682044
arm_ur3_qp_  4,osqp,default,0.0004429999971762,True,2.3439598593744115e-06,3.961997037948972e-07,1.741990804009566e-07
arm_ur3_qp_  4,osqp,high_accuracy,0.0004844999639317,True,1.699863860782358e-11,2.2558829804175677e-12,1.297293652710585e-12
arm_ur3_qp_  4,osqp,low_accuracy,0.0004384000203572,True,2.3439598593744115e-06,3.961997037948972e-07,1.741990804009566e-07
arm_ur3_qp_  4,proxqp,default,0.0047293999814428,True,2.2538687508393e-06,8.092405565096604e-11,1.654360557825155e-07
arm_ur3_qp_  4,proxqp,high_accuracy,0.0057431000168435,True,1.07625429401903e-10,4.288236432614667e-15,8.976807361685268e-12
arm_ur3_qp_  4,proxqp,low_accuracy,0.0040103000355884,True,6.353034754094655e-05,2.330011013990108e-09,4.210940633541044e-06
arm_ur3_qp_  4,quadprog,default,0.0001038999762386,True,0.0,7.979727989493313e-17,2.1684043449710093e-18
arm_ur3_qp_  4,quadprog,high_accuracy,0.0001030000275932,True,0.0,7.979727989493313e-17,2.1684043449710093e-18
arm_ur3_qp_  4,quadprog,low_accuracy,0.0001569000305607,True,0.0,7.979727989493313e-17,2.1684043449710093e-18
arm_ur3_qp_  4,scs,default,0.0004763000179082,True,1.729155037330163e-05,6.062933669510562e-06,1.946069498888481e-06
arm_ur3_qp_  4,scs,high_accuracy,0.0005090999766252,True,4.85025920468618e-10,4.7451528817354927e-11,3.413015594970481e-11
arm_ur3_qp_  4,scs,low_accuracy,0.0004774000262841,True,1.729155037330163e-05,6.062933669510562e-06,1.946069498888481e-06
arm_ur3_qp_  5,clarabel,default,0.0003700000233948,True,0.0,7.604416591028323e-14,1.4978244553941892e-09
arm_ur3_qp_  5,clarabel,high_accuracy,0.0003784999717026,True,0.0,1.5509843018926538e-15,1.498340535845133e-11
arm_ur3_qp_  5,clarabel,low_accuracy,0.0003014999674633,True,0.0,1.3877787807814457e-17,6.378688716278912e-06
arm_ur3_qp_  5,cvxopt,default,0.0065095999743789,True,0.0,5.551115123125783e-17,2.185441736433924e-09
arm_ur3_qp_  5,cvxopt,high_accuracy,0.0070415000081993,True,0.0,5.551115123125783e-17,2.185441736433924e-09
arm_ur3_qp_  5,cvxopt,low_accuracy,0.0072567999595776,True,0.0,5.551115123125783e-17,2.185441736433924e-09
arm_ur3_qp_  5,daqp,default,0.0001209999900311,True,5.2041704279304207e-17,1.3877787807814457e-17,6.2883726004159265e-18
arm_ur3_qp_  5,daqp,high_accuracy,0.0001345999771729,True,5.2041704279304207e-17,1.3877787807814457e-17,6.2883726004159265e-18
arm_ur3_qp_  5,daqp,low_accuracy,0.0001100999652408,True,5.2041704279304207e-17,1.3877787807814457e-17,6.2883726004159265e-18
arm_ur3_qp_  5,ecos,default,0.0009377999813295,True,0.0,3.990562189903159e-06,2.032761494135012e-08
arm_ur3_qp_  5,ecos,high_accuracy,0.0005931999767199,True,0.0,3.990562189903159e-06,2.032761494135012e-08
arm_ur3_qp_  5,ecos,low_accuracy,0.0005747000104747,True,0.0,3.990562189903159e-06,2.032761494135012e-08
arm_ur3_qp_  5,highs,default,0.0009744000271894,True,0.0,0.0020521808844102,3.194144024511246e-05
arm_ur3_qp_  5,highs,high_accuracy,0.0008581000147387,True,0.0,0.0020521808844102,3.194144024511246e-05
arm_ur3_qp_  5,highs,low_accuracy,0.0010041000205092,True,0.0,0.0020521808844102,3.194144024511246e-05
arm_ur3_qp_  5,osqp,default,0.0004405000363476,True,0.0001439788620453,4.578936031358373e-05,1.0629251531892816e-05
arm_ur3_qp_  5,osqp,high_accuracy,0.0004615999641828,True,6.665848428788479e-14,1.4297590889000844e-14,4.744035025927573e-15
arm_ur3_qp_  5,osqp,low_accuracy,0.0004348999937064,True,0.0001439788620453,4.578936031358373e-05,1.0629251531892816e-05
arm_ur3_qp_  5,proxqp,default,0.004181399999652,True,5.677133152540148e-07,2.3670227236594063e-11,4.188021387693287e-08
arm_ur3_qp_  5,proxqp,high_accuracy,0.0045401999959722,True,1.0486175469615056e-10,5.334274688628682e-15,8.849853141978947e-12
arm_ur3_qp_  5,proxqp,low_accuracy,0.0030380000243894,True,0.0004285628153692,7.788153073839954e-09,1.99350164240338e-05
arm_ur3_qp_  5,quadprog,default,0.0001079999492503,True,1.0408340855860844e-17,5.724587470723462e-17,1.951563910473908e-18
arm_ur3_qp_  5,quadprog,high_accuracy,0.0001460000057704,True,1.0408340855860844e-17,5.724587470723462e-17,1.951563910473908e-18
arm_ur3_qp_  5,quadprog,low_accuracy,9.590003173798324e-05,True,1.0408340855860844e-17,5.724587470723462e-17,1.951563910473908e-18
arm_ur3_qp_  5,scs,default,0.0005036999937146,True,7.866258196903564e-09,1.5941420106365962e-08,7.005409971734543e-10
arm_ur3_qp_  5,scs,high_accuracy,0.0005139000131748,True,3.20484611071592e-12,2.414608443745969e-12,3.85012551354369e-13
arm_ur3_qp_  5,scs,low_accuracy,0.0004952999879606,True,7.866258196903564e-09,1.5941420106365962e-08,7.005409971734543e-10
arm_ur3_qp_  6,clarabel,default,0.0003341999836266,True,0.0,4.9400672119847335e-14,9.857871413696676e-10
arm_ur3_qp_  6,clarabel,high_accuracy,0.0003195000463165,True,0.0,4.9400672119847335e-14,9.857871413696676e-10
arm_ur3_qp_  6,clarabel,low_accuracy,0.0003157999599352,True,0.0,1.3877787807814457e-17,4.987287621832301e-06
arm_ur3_qp_  6,cvxopt,default,0.01081599999452,True,0.0,1.3877787807814457e-17,9.726385509414155e-08
arm_ur3_qp_  6,cvxopt,high_accuracy,0.0110195000306703,True,0.0,1.3877787807814457e-17,9.726385509414155e-08
arm_ur3_qp_  6,cvxopt,low_accuracy,0.0103192999958992,True,0.0,1.3877787807814457e-17,9.726385509414155e-08
arm_ur3_qp_  6,daqp,default,0.0001093000173568,True,6.071532165918825e-17,2.0816681711721685e-17,4.77048955893622e-18
arm_ur3_qp_  6,daqp,high_accuracy,0.0001084000105038,True,6.071532165918825e-17,2.0816681711721685e-17,4.77048955893622e-18
arm_ur3_qp_  6,daqp,low_accuracy,0.0001239999546669,True,6.071532165918825e-17,2.0816681711721685e-17,4.77048955893622e-18
arm_ur3_qp_  6,ecos,default,0.0006656000041402,True,0.0,8.00445935246398e-07,1.7115764599888447e-10
arm_ur3_qp_  6,ecos,high_accuracy,0.0005813999450765,True,0.0,8.00445935246398e-07,1.7115764599888447e-10
arm_ur3_qp_  6,ecos,low_accuracy,0.0005756000173278,True,0.0,8.00445935246398e-07,1.7115764599888447e-10
arm_ur3_qp_  6,highs,default,0.001105599978473,True,0.0,0.0033509416868425,4.8625646974276944e-05
arm_ur3_qp_  6,highs,high_accuracy,0.0009527999791316,True,0.0,0.0033509416868425,4.8625646974276944e-05
arm_ur3_qp_  6,highs,low_accuracy,0.0008612999808974,True,0.0,0.0033509416868425,4.8625646974276944e-05
arm_ur3_qp_  6,osqp,default,0.0005581000004895,True,1.2810977283971017e-06,5.2429458037762025e-05,3.9479930357463205e-07
arm_ur3_qp_  6,osqp,high_accuracy,0.0005151000223122,True,8.675097099009044e-12,8.488341878563599e-12,8.486826692799544e-13
arm_ur3_qp_  6,osqp,low_accuracy,0.0004683000151999,True,1.2810977283971017e-06,5.2429458037762025e-05,3.9479930357463205e-07
arm_ur3_qp_  6,proxqp,default,0.0047168000019155,True,3.386633129549843e-06,1.7474154588581478e-10,2.933632698032957e-07
arm_ur3_qp_  6,proxqp,high_accuracy,0.0048812999739311,True,5.967518042215847e-10,3.2996175236554854e-14,6.152683766115495e-11
arm_ur3_qp_  6,proxqp,low_accuracy,0.0031039999448694,True,6.748320026249768e-05,5.640783902471913e-09,4.209241906747482e-06
arm_ur3_qp_  6,quadprog,default,0.0001026000245474,True,3.469446951953614e-18,4.8572257327350605e-17,2.6020852139652106e-18
arm_ur3_qp_  6,quadprog,high_accuracy,0.0002067000023089,True,3.469446951953614e-18,4.8572257327350605e-17,2.6020852139652106e-18
arm_ur3_qp_  6,quadprog,low_accuracy,9.290000889450312e-05,True,3.469446951953614e-18,4.8572257327350605e-17,2.6020852139652106e-18
arm_ur3_qp_  6,scs,default,0.0006062999600544,True,2.370544515784695e-06,1.1452089558952605e-07,1.6108111693265668e-07
arm_ur3_qp_  6,scs,high_accuracy,0.0005021999822929,True,6.401777354753112e-10,1.9449518348804408e-10,5.6185998562052746e-11
arm_ur3_qp_  6,scs,low_accuracy,0.0005084999720565,True,2.370544515784695e-06,1.1452089558952605e-07,1.6108111693265668e-07
arm_ur3_qp_  7,clarabel,default,0.0003195999888703,True,0.0,5.0617166545012976e-14,9.936789095547902e-10
arm_ur3_qp_  7,clarabel,high_accuracy,0.0002990000066347,True,0.0,5.0617166545012976e-14,9.936789095547902e-10
arm_ur3_qp_  7,clarabel,low_accuracy,0.0003805000451393,True,0.0,4.163336342344337e-17,4.912238502308109e-06
arm_ur3_qp_  7,cvxopt,default,0.0110552999540232,True,0.0,2.775557561562892e-17,8.904245513184987e-08
arm_ur3_qp_  7,cvxopt,high_accuracy,0.0117061000200919,True,0.0,2.775557561562892e-17,8.904245513184987e-08
arm_ur3_qp_  7,cvxopt,low_accuracy,0.0095162999932654,True,0.0,2.775557561562892e-17,8.904245513184987e-08
arm_ur3_qp_  7,daqp,default,0.000123200006783,True,3.4694469519536136e-17,2.0816681711721685e-17,2.818925648462312e-18
arm_ur3_qp_  7,daqp,high_accuracy,0.0001316999550908,True,3.4694469519536136e-17,2.0816681711721685e-17,2.818925648462312e-18
arm_ur3_qp_  7,daqp,low_accuracy,0.0001160000101663,True,3.4694469519536136e-17,2.0816681711721685e-17,2.818925648462312e-18
arm_ur3_qp_  7,ecos,default,0.0010510000283829,True,0.0,1.2881743147591385e-06,7.515435006526933e-09
arm_ur3_qp_  7,ecos,high_accuracy,0.0006078000296838,True,0.0,1.2881743147591385e-06,7.515435006526933e-09
arm_ur3_qp_  7,ecos,low_accuracy,0.000776799977757,True,0.0,1.2881743147591385e-06,7.515435006526933e-09
arm_ur3_qp_  7,highs,default,0.000878199993167,True,0.0,0.0043483760425722,6.571879347813561e-05
arm_ur3_qp_  7,highs,high_accuracy,0.0008783999946899,True,0.0,0.0043483760425722,6.571879347813561e-05
arm_ur3_qp_  7,highs,low_accuracy,0.0008547999896109,True,0.0,0.0043483760425722,6.571879347813561e-05
arm_ur3_qp_  7,osqp,default,0.0004576999926939,True,1.3859352146101955e-06,4.168637443545868e-05,3.27429570241844e-07
arm_ur3_qp_  7,osqp,high_accuracy,0.0004900000058114,True,1.6991399606758328e-10,1.2211701823853869e-10,2.5142116904033892e-11
arm_ur3_qp_  7,osqp,low_accuracy,0.0005458000232465,True,8.546176861849719e-07,8.018291692057971e-07,1.4544621569807795e-07
arm_ur3_qp_  7,proxqp,default,0.0041104999836534,True,7.68439232941287e-06,2.880021824323842e-10,7.47233334336822e-07
arm_ur3_qp_  7,proxqp,high_accuracy,0.0048169000074267,True,8.931908164477863e-10,4.52585018073659e-14,8.038424309866897e-11
arm_ur3_qp_  7,proxqp,low_accuracy,0.0032649000058881,True,0.0001995187839955,8.747419635857234e-09,2.083002598701213e-05
arm_ur3_qp_  7,quadprog,default,9.019998833537102e-05,True,0.0,1.0104764247564899e-16,3.2526065174565133e-18
arm_ur3_qp_  7,quadprog,high_accuracy,0.0001082000089809,True,0.0,1.0104764247564899e-16,3.2526065174565133e-18
arm_ur3_qp_  7,quadprog,low_accuracy,9.869999485090376e-05,True,0.0,1.0104764247564899e-16,3.2526065174565133e-18
arm_ur3_qp_  7,scs,default,0.0005000000237487,True,1.4667399244647217e-05,1.564662673983255e-06,1.238934814679852e-06
arm_ur3_qp_  7,scs,high_accuracy,0.0005374999600462,True,8.09215541797137e-13,4.768139471110586e-13,7.311035457591154e-14
arm_ur3_qp_  7,scs,low_accuracy,0.000910600007046,True,1.4667399244647217e-05,1.564662673983255e-06,1.238934814679852e-06
arm_ur3_qp_  8,clarabel,default,0.0004744000034406,True,0.0,3.606800451486722e-14,7.27160283809508e-10
arm_ur3_qp_  8,clarabel,high_accuracy,0.0002948000328615,True,0.0,3.606800451486722e-14,7.27160283809508e-10
arm_ur3_qp_  8,clarabel,low_accuracy,0.0003933999687433,True,0.0,1.3877787807814457e-17,3.990535881204368e-06
arm_ur3_qp_  8,cvxopt,default,0.010079100029543,True,0.0,3.469446951953614e-18,6.268156927660348e-08
arm_ur3_qp_  8,cvxopt,high_accuracy,0.0111428999807685,True,0.0,3.469446951953614e-18,6.268156927660348e-08
arm_ur3_qp_  8,cvxopt,low_accuracy,0.0110043999738991,True,0.0,3.469446951953614e-18,6.268156927660348e-08
arm_ur3_qp_  8,daqp,default,0.0001128000440075,True,2.4286128663675302e-17,6.938893903907228e-18,1.5178830414797062e-18
arm_ur3_qp_  8,daqp,high_accuracy,0.0001788000226952,True,2.4286128663675302e-17,6.938893903907228e-18,1.5178830414797062e-18
arm_ur3_qp_  8,daqp,low_accuracy,0.0001451999996788,True,2.4286128663675302e-17,6.938893903907228e-18,1.5178830414797062e-18
arm_ur3_qp_  8,ecos,default,0.0005781999789178,True,0.0,5.792263656975716e-06,2.1703657166610716e-08
arm_ur3_qp_  8,ecos,high_accuracy,0.0005843000253662,True,0.0,5.792263656975716e-06,2.1703657166610716e-08
arm_ur3_qp_  8,ecos,low_accuracy,0.0007908000261522,True,0.0,5.792263656975716e-06,2.1703657166610716e-08
arm_ur3_qp_  8,highs,default,0.0008607000345364,True,0.0,0.0058514477192116,8.747193087055597e-05
arm_ur3_qp_  8,highs,high_accuracy,0.0012594999861903,True,0.0,0.0058514477192116,8.747193087055597e-05
arm_ur3_qp_  8,highs,low_accuracy,0.0008778999908827,True,0.0,0.0058514477192116,8.747193087055597e-05
arm_ur3_qp_  8,osqp,default,0.0004514000029303,True,1.486525330097327e-06,2.7297316158825915e-05,2.2167023165718493e-07
arm_ur3_qp_  8,osqp,high_accuracy,0.0006100000464357,True,8.0180653783124e-13,1.1402744251497654e-11,1.9447768048741487e-14
arm_ur3_qp_  8,osqp,low_accuracy,0.0004468000261113,True,1.486525330097327e-06,2.7297316158825915e-05,2.2167023165718493e-07
arm_ur3_qp_  8,proxqp,default,0.0028023000340908,True,1.925469024605456e-06,8.468523104987469e-11,1.8191169918200042e-07
arm_ur3_qp_  8,proxqp,high_accuracy,0.0037370999925769,True,1.2385568959327742e-10,6.6082122412991495e-15,9.722352263541456e-12
arm_ur3_qp_  8,proxqp,low_accuracy,0.0024424000293947,True,6.674864793297305e-05,1.74186846171851e-08,7.101809215053715e-06
arm_ur3_qp_  8,quadprog,default,0.0001267000334337,True,2.255140518769849e-17,4.163336342344337e-17,1.951563910473908e-18
arm_ur3_qp_  8,quadprog,high_accuracy,0.0001104999682866,True,2.255140518769849e-17,4.163336342344337e-17,1.951563910473908e-18
arm_ur3_qp_  8,quadprog,low_accuracy,0.0001525999978184,True,2.255140518769849e-17,4.163336342344337e-17,1.951563910473908e-18
arm_ur3_qp_  8,scs,default,0.0004961000522598,True,3.555542775001211e-05,6.677622215530041e-06,2.8236097431332597e-06
arm_ur3_qp_  8,scs,high_accuracy,0.0006762000266462,True,1.2058735954223463e-11,5.891526033259852e-12,1.2714842199945677e-12
arm_ur3_qp_  8,scs,low_accuracy,0.000487899989821,True,3.555542775001211e-05,6.677622215530041e-06,2.8236097431332597e-06
arm_ur3_qp_  9,clarabel,default,0.0004779000300914,True,0.0,1.9643334711446537e-14,4.4338746346336827e-10
arm_ur3_qp_  9,clarabel,high_accuracy,0.0002966999891214,True,0.0,1.9643334711446537e-14,4.4338746346336827e-10
arm_ur3_qp_  9,clarabel,low_accuracy,0.000300400017295,True,0.0,6.938893903907228e-18,2.946524208260982e-06
arm_ur3_qp_  9,cvxopt,default,0.0101409999770112,True,0.0,2.0816681711721685e-17,3.560243677105078e-08
arm_ur3_qp_  9,cvxopt,high_accuracy,0.0101703000254929,True,0.0,2.0816681711721685e-17,3.560243677105078e-08
arm_ur3_qp_  9,cvxopt,low_accuracy,0.0127428999985568,True,0.0,2.0816681711721685e-17,3.560243677105078e-08
arm_ur3_qp_  9,daqp,default,0.0001408000243827,True,1.0408340855860844e-17,6.938893903907228e-18,1.0842021724855044e-18
arm_ur3_qp_  9,daqp,high_accuracy,0.0001128000440075,True,1.0408340855860844e-17,6.938893903907228e-18,1.0842021724855044e-18
arm_ur3_qp_  9,daqp,low_accuracy,0.0001770000089891,True,1.0408340855860844e-17,6.938893903907228e-18,1.0842021724855044e-18
arm_ur3_qp_  9,ecos,default,0.0005833999603055,True,0.0,1.2236260389410223e-06,2.961215612930397e-08
arm_ur3_qp_  9,ecos,high_accuracy,0.0005954999942332,True,0.0,1.2236260389410223e-06,2.961215612930397e-08
arm_ur3_qp_  9,ecos,low_accuracy,0.0013264999724924,True,0.0,1.2236260389410223e-06,2.961215612930397e-08
arm_ur3_qp_  9,highs,default,0.0009778999956324,True,0.0,0.0059986703423348,8.550256752443619e-05
arm_ur3_qp_  9,highs,high_accuracy,0.0008438000222668,True,0.0,0.0059986703423348,8.550256752443619e-05
arm_ur3_qp_  9,highs,low_accuracy,0.0022887000232003,True,0.0,0.0059986703423348,8.550256752443619e-05
arm_ur3_qp_  9,osqp,default,0.0005429000011645,True,4.5708196952723445e-07,2.214454244074769e-07,3.847341407047997e-09
arm_ur3_qp_  9,osqp,high_accuracy,0.0009826999739743,True,6.973363553264277e-10,2.9102853619196206e-10,4.647315301684052e-11
arm_ur3_qp_  9,osqp,low_accuracy,0.0004768000217154,True,4.5708196952723445e-07,2.214454244074769e-07,3.847341407047997e-09
arm_ur3_qp_  9,proxqp,default,0.0031792999943718,True,4.243931042507976e-06,3.0177411936525844e-10,1.975144989913285e-07
arm_ur3_qp_  9,proxqp,high_accuracy,0.0038700999575667,True,2.5302390738168867e-10,2.1166879013434503e-14,1.8210130885848438e-11
arm_ur3_qp_  9,proxqp,low_accuracy,0.0025824999902397,True,0.0001353302129406,1.625812309904778e-08,2.855184146202585e-06
arm_ur3_qp_  9,quadprog,default,8.969998452812433e-05,True,0.0,1.713039432527097e-17,4.336808689942019e-19
arm_ur3_qp_  9,quadprog,high_accuracy,9.55999712459743e-05,True,0.0,1.713039432527097e-17,4.336808689942019e-19
arm_ur3_qp_  9,quadprog,low_accuracy,0.0001040999777615,True,0.0,1.713039432527097e-17,4.336808689942019e-19
arm_ur3_qp_  9,scs,default,0.000495399988722,True,2.2421124417602856e-05,1.2927273368890831e-05,1.7293916606433803e-06
arm_ur3_qp_  9,scs,high_accuracy,0.0005317000322975,True,7.682944558329297e-11,8.665011633560149e-12,3.494411574336831e-12
arm_ur3_qp_  9,scs,low_accuracy,0.000482200004626,True,2.2421124417602856e-05,1.2927273368890831e-05,1.7293916606433803e-06
arm_ur3_qp_ 10,clarabel,default,0.0002911999472416,True,0.0,1.6085291565862e-14,2.2940262775321407e-10
arm_ur3_qp_ 10,clarabel,high_accuracy,0.0003127999952994,True,0.0,1.6085291565862e-14,2.2940262775321407e-10
arm_ur3_qp_ 10,clarabel,low_accuracy,0.0009581999620422,True,0.0,1.0408340855860844e-17,1.8327744272140937e-06
arm_ur3_qp_ 10,cvxopt,default,0.0110201999777928,True,0.0,7.922087397432657e-18,1.988510979879579e-08
arm_ur3_qp_ 10,cvxopt,high_accuracy,0.0101719999802298,True,0.0,7.922087397432657e-18,1.988510979879579e-08
arm_ur3_qp_ 10,cvxopt,low_accuracy,0.0112895999918691,True,0.0,7.922087397432657e-18,1.988510979879579e-08
arm_ur3_qp_ 10,daqp,default,0.0001264999737031,True,3.469446951953614e-18,1.5612511283791264e-17,6.505213034913028e-19
arm_ur3_qp_ 10,daqp,high_accuracy,0.0001594999921508,True,3.469446951953614e-18,1.5612511283791264e-17,6.505213034913028e-19
arm_ur3_qp_ 10,daqp,low_accuracy,0.0001164000132121,True,3.469446951953614e-18,1.5612511283791264e-17,6.505213034913028e-19
arm_ur3_qp_ 10,ecos,default,0.0006225999677553,True,0.0,6.876206066980444e-07,3.293345806785683e-09
arm_ur3_qp_ 10,ecos,high_accuracy,0.0008176999981515,True,0.0,6.876206066980444e-07,3.293345806785683e-09
arm_ur3_qp_ 10,ecos,low_accuracy,0.0006461000302806,True,0.0,6.876206066980444e-07,3.293345806785683e-09
arm_ur3_qp_ 10,highs,default,0.000859500025399,True,0.0,0.0060206099609933,7.865040022627214e-05
arm_ur3_qp_ 10,highs,high_accuracy,0.000846899987664,True,0.0,0.0060206099609933,7.865040022627214e-05
arm_ur3_qp_ 10,highs,low_accuracy,0.0010037000174634,True,0.0,0.0060206099609933,7.865040022627214e-05
arm_ur3_qp_ 10,osqp,default,0.0004399000317789,True,1.2116892972806326e-05,1.4087982207142812e-05,4.521361797785693e-07
arm_ur3_qp_ 10,osqp,high_accuracy,0.0007704999879933,True,8.57468297754682e-11,1.5766641829554156e-11,6.662671716423096e-13
arm_ur3_qp_ 10,osqp,low_accuracy,0.0004719999851658,True,1.2116892972806326e-05,1.4087982207142812e-05,4.521361797785693e-07
arm_ur3_qp_ 10,proxqp,default,0.0026046999846585,True,1.365379648343712e-06,5.90029991011376e-11,3.5774179292730544e-08
arm_ur3_qp_ 10,proxqp,high_accuracy,0.0035518999793566,True,6.475835319375012e-11,4.068360232034607e-15,1.3566838624745614e-12
arm_ur3_qp_ 10,proxqp,low_accuracy,0.0023042000248096,True,4.5263219756216944e-05,2.254447819399763e-09,1.439494872882579e-06
arm_ur3_qp_ 10,quadprog,default,0.0001025000237859,True,5.204170427930421e-18,3.4694469519536136e-17,0.0
arm_ur3_qp_ 10,quadprog,high_accuracy,0.0001106000272557,True,5.204170427930421e-18,3.4694469519536136e-17,0.0
arm_ur3_qp_ 10,quadprog,low_accuracy,0.0001033000298775,True,5.204170427930421e-18,3.4694469519536136e-17,0.0
arm_ur3_qp_ 10,scs,default,0.0005058000097051,True,6.041057539301481e-06,1.8391780929297337e-06,9.355496306557437e-08
arm_ur3_qp_ 10,scs,high_accuracy,0.000814699975308,True,2.7289486642656516e-11,9.26155636557513e-12,5.338106259106247e-13
arm_ur3_qp_ 10,scs,low_accuracy,0.0004926999681629,True,6.041057539301481e-06,1.8391780929297337e-06,9.355496306557437e-08
arm_ur3_qp_ 11,clarabel,default,0.0003183999797329,True,0.0,8.673617379884035e-18,3.8906748051428545e-09
arm_ur3_qp_ 11,clarabel,high_accuracy,0.0003938999725505,True,0.0,1.3786883319534911e-14,3.918673575193342e-11
arm_ur3_qp_ 11,clarabel,low_accuracy,0.0003029000363312,True,0.0,6.383240290508407e-18,5.941769285683755e-06
arm_ur3_qp_ 11,cvxopt,default,0.0123646999709308,True,0.0,5.327029909951697e-18,1.501597643753169e-09
arm_ur3_qp_ 11,cvxopt,high_accuracy,0.0125117000425234,True,0.0,5.327029909951697e-18,1.501597643753169e-09
arm_ur3_qp_ 11,cvxopt,low_accuracy,0.0107207000255584,True,0.0,5.327029909951697e-18,1.501597643753169e-09
arm_ur3_qp_ 11,daqp,default,0.0001120999804697,True,3.469446951953614e-18,2.6020852139652106e-18,2.710505431213761e-20
arm_ur3_qp_ 11,daqp,high_accuracy,0.000135299982503,True,3.469446951953614e-18,2.6020852139652106e-18,2.710505431213761e-20
arm_ur3_qp_ 11,daqp,low_accuracy,0.0001110999728552,True,3.469446951953614e-18,2.6020852139652106e-18,2.710505431213761e-20
arm_ur3_qp_ 11,ecos,default,0.0007007999811321,True,0.0,6.570249437730033e-07,3.683772300261813e-09
arm_ur3_qp_ 11,ecos,high_accuracy,0.0005791000439785,True,0.0,6.570249437730033e-07,3.683772300261813e-09
arm_ur3_qp_ 11,ecos,low_accuracy,0.0005791999865323,True,0.0,6.570249437730033e-07,3.683772300261813e-09
arm_ur3_qp_ 11,highs,default,0.0019429000094532,True,0.0,0.0085173701695397,0.0001074213758304
arm_ur3_qp_ 11,highs,high_accuracy,0.001837899966631,True,0.0,0.0085173701695397,0.0001074213758304
arm_ur3_qp_ 11,highs,low_accuracy,0.0009141999762505,True,0.0,0.0085173701695397,0.0001074213758304
arm_ur3_qp_ 11,osqp,default,0.0005551000358536,True,6.271404341964826e-06,1.975877405733552e-06,9.616620058459271e-10
arm_ur3_qp_ 11,osqp,high_accuracy,0.0006306000286713,True,7.040409921721391e-13,1.7913795447022099e-13,1.1604486902655477e-15
arm_ur3_qp_ 11,osqp,low_accuracy,0.000442299991846,True,6.271404341964826e-06,1.975877405733552e-06,9.616620058459271e-10
arm_ur3_qp_ 11,proxqp,default,0.0025597999920137,True,0.0,4.827738529908018e-09,3.3815544221700258e-06
arm_ur3_qp_ 11,proxqp,high_accuracy,0.0041578999953344,True,8.114502819678293e-11,5.709842321177661e-15,6.106658283428282e-13
arm_ur3_qp_ 11,proxqp,low_accuracy,0.0032931999885477,True,0.0,4.827738529908018e-09,3.3815544221700258e-06
arm_ur3_qp_ 11,quadprog,default,0.0001029000268317,True,0.0,3.469446951953614e-18,2.710505431213761e-20
arm_ur3_qp_ 11,quadprog,high_accuracy,0.0001029999693855,True,0.0,3.469446951953614e-18,2.710505431213761e-20
arm_ur3_qp_ 11,quadprog,low_accuracy,0.0001144999987445,True,0.0,3.469446951953614e-18,2.710505431213761e-20
arm_ur3_qp_ 11,scs,default,0.0004720000433735,True,0.0,5.411134782834504e-05,4.365948980564015e-07
arm_ur3_qp_ 11,scs,high_accuracy,0.0004938999773003,True,8.877412693841789e-12,7.690097690582487e-12,1.2543439865345812e-13
arm_ur3_qp_ 11,scs,low_accuracy,0.0005802000523544,True,0.0,5.411134782834504e-05,4.365948980564015e-07
arm_ur3_qp_ 12,clarabel,default,0.0002947999746538,True,0.0,6.637587382125673e-14,4.972454411113561e-10
arm_ur3_qp_ 12,clarabel,high_accuracy,0.0003080000169575,True,0.0,6.637587382125673e-14,4.972454411113561e-10
arm_ur3_qp_ 12,clarabel,low_accuracy,0.0002946000313386,True,0.0,6.938893903907228e-18,3.024949687353053e-06
arm_ur3_qp_ 12,cvxopt,default,0.0107455999823287,True,0.0,1.0446497043156689e-17,1.965098812950592e-08
arm_ur3_qp_ 12,cvxopt,high_accuracy,0.00947809999343,True,0.0,1.0446497043156689e-17,1.965098812950592e-08
arm_ur3_qp_ 12,cvxopt,low_accuracy,0.0093346999492496,True,0.0,1.0446497043156689e-17,1.965098812950592e-08
arm_ur3_qp_ 12,daqp,default,0.0001112999743781,True,6.938893903907228e-18,3.0357660829594124e-18,5.421010862427522e-20
arm_ur3_qp_ 12,daqp,high_accuracy,0.0001281999866478,True,6.938893903907228e-18,3.0357660829594124e-18,5.421010862427522e-20
arm_ur3_qp_ 12,daqp,low_accuracy,0.0002233000122942,True,6.938893903907228e-18,3.0357660829594124e-18,5.421010862427522e-20
arm_ur3_qp_ 12,ecos,default,0.0005854000337421,True,0.0,3.7373416610711474e-06,1.1361618811053602e-07
arm_ur3_qp_ 12,ecos,high_accuracy,0.000575200014282,True,0.0,3.7373416610711474e-06,1.1361618811053602e-07
arm_ur3_qp_ 12,ecos,low_accuracy,0.0005956999957561,True,0.0,3.7373416610711474e-06,1.1361618811053602e-07
arm_ur3_qp_ 12,highs,default,0.001232499955222,True,0.0,0.0074055879067258,0.0001174723605591
arm_ur3_qp_ 12,highs,high_accuracy,0.0009033000096678,True,0.0,0.0074055879067258,0.0001174723605591
arm_ur3_qp_ 12,highs,low_accuracy,0.0008931999909691,True,0.0,0.0074055879067258,0.0001174723605591
arm_ur3_qp_ 12,osqp,default,0.0004564999835565,True,8.517605051047011e-06,3.32183145211086e-06,1.8207489746818414e-07
arm_ur3_qp_ 12,osqp,high_accuracy,0.0005859999801032,True,0.0,3.650781725539343e-10,1.532789325152384e-11
arm_ur3_qp_ 12,osqp,low_accuracy,0.0004571999888867,True,8.517605051047011e-06,3.32183145211086e-06,1.8207489746818414e-07
arm_ur3_qp_ 12,proxqp,default,0.0048646000213921,True,2.4666827230443444e-07,1.2601272456058688e-11,1.5507855347638743e-09
arm_ur3_qp_ 12,proxqp,high_accuracy,0.0067160000326111,True,1.6469484109826735e-10,7.972341862193255e-15,8.92325032223959e-13
arm_ur3_qp_ 12,proxqp,low_accuracy,0.0031448000227101,True,0.0006970012752267,5.910353983659689e-08,6.209197116805538e-06
arm_ur3_qp_ 12,quadprog,default,0.0001040999777615,True,0.0,7.386127300057499e-18,5.421010862427522e-20
arm_ur3_qp_ 12,quadprog,high_accuracy,0.0001066999975591,True,0.0,7.386127300057499e-18,5.421010862427522e-20
arm_ur3_qp_ 12,quadprog,low_accuracy,0.0001078000059351,True,0.0,7.386127300057499e-18,5.421010862427522e-20
arm_ur3_qp_ 12,scs,default,0.0005653999978676,True,0.0002987994618571,9.250626459378656e-05,3.955729672156503e-06
arm_ur3_qp_ 12,scs,high_accuracy,0.0006995000294409,True,0.0,2.162730715002392e-11,3.1096899686354484e-13
arm_ur3_qp_ 12,scs,low_accuracy,0.0004617999657057,True,0.0002987994618571,9.250626459378656e-05,3.955729672156503e-06
arm_ur3_qp_ 13,clarabel,default,0.0002978999982587,True,0.0,3.7050570498426625e-14,2.930640671545276e-10
arm_ur3_qp_ 13,clarabel,high_accuracy,0.0009091999963857,True,0.0,3.7050570498426625e-14,2.930640671545276e-10
arm_ur3_qp_ 13,clarabel,low_accuracy,0.0002988000051118,True,0.0,5.819116347637043e-18,2.011166756416785e-06
arm_ur3_qp_ 13,cvxopt,default,0.0106827999697998,True,0.0,8.673617379884035e-18,1.04957008097129e-08
arm_ur3_qp_ 13,cvxopt,high_accuracy,0.0115578999975696,True,0.0,8.673617379884035e-18,1.04957008097129e-08
arm_ur3_qp_ 13,cvxopt,low_accuracy,0.0093943999963812,True,0.0,8.673617379884035e-18,1.04957008097129e-08
arm_ur3_qp_ 13,daqp,default,0.0001272999797947,True,2.0816681711721685e-17,4.445228907190568e-18,1.0842021724855044e-19
arm_ur3_qp_ 13,daqp,high_accuracy,0.0001481999643146,True,2.0816681711721685e-17,4.445228907190568e-18,1.0842021724855044e-19
arm_ur3_qp_ 13,daqp,low_accuracy,0.0001467000111006,True,2.0816681711721685e-17,4.445228907190568e-18,1.0842021724855044e-19
arm_ur3_qp_ 13,ecos,default,0.0006074999691918,True,0.0,1.7643344434888503e-06,6.14294912463717e-09
arm_ur3_qp_ 13,ecos,high_accuracy,0.0005999999702908,True,0.0,1.7643344434888503e-06,6.14294912463717e-09
arm_ur3_qp_ 13,ecos,low_accuracy,0.0006261999951675,True,0.0,1.7643344434888503e-06,6.14294912463717e-09
arm_ur3_qp_ 13,highs,default,0.0009156000451184,True,0.0,0.005283911697992,0.0001267760076955
arm_ur3_qp_ 13,highs,high_accuracy,0.0009080999880097,True,0.0,0.005283911697992,0.0001267760076955
arm_ur3_qp_ 13,highs,low_accuracy,0.0009279999649152,True,0.0,0.005283911697992,0.0001267760076955
arm_ur3_qp_ 13,osqp,default,0.0004533000173978,True,1.783361864174382e-05,4.466514608992417e-06,4.167371729308701e-07
arm_ur3_qp_ 13,osqp,high_accuracy,0.0004683000151999,True,9.395286632019053e-12,2.502583210106657e-12,6.792808503186533e-14
arm_ur3_qp_ 13,osqp,low_accuracy,0.000536200008355,True,1.783361864174382e-05,4.466514608992417e-06,4.167371729308701e-07
arm_ur3_qp_ 13,proxqp,default,0.0035191000206395,True,6.865220787410919e-07,5.6219659136380606e-11,4.173847064519766e-09
arm_ur3_qp_ 13,proxqp,high_accuracy,0.004012799996417,True,6.73590825478465e-10,3.553946958771703e-14,7.847824495289812e-13
arm_ur3_qp_ 13,proxqp,low_accuracy,0.002313699980732,True,0.0007166684920196,9.1516703808886e-08,1.3973224109346718e-05
arm_ur3_qp_ 13,quadprog,default,9.31999529711902e-05,True,0.0,6.938893903907228e-18,1.626303258728257e-19
arm_ur3_qp_ 13,quadprog,high_accuracy,0.0001542000100016,True,0.0,6.938893903907228e-18,1.626303258728257e-19
arm_ur3_qp_ 13,quadprog,low_accuracy,0.0001016999594867,True,0.0,6.938893903907228e-18,1.626303258728257e-19
arm_ur3_qp_ 13,scs,default,0.0017632999806664,True,0.0,2.7282827559989034e-08,6.7321733023873766e-09
arm_ur3_qp_ 13,scs,high_accuracy,0.0005256999866105,True,0.0,2.3394070534921152e-11,3.99816920022833e-12
arm_ur3_qp_ 13,scs,low_accuracy,0.0004975000047124,True,0.0,2.7282827559989034e-08,6.7321733023873766e-09
arm_ur3_qp_ 14,clarabel,default,0.0003118000458925,True,0.0,2.8837003564133445e-14,3.688827301885807e-10
arm_ur3_qp_ 14,clarabel,high_accuracy,0.0002972999936901,True,0.0,2.8837003564133445e-14,3.688827301885807e-10
arm_ur3_qp_ 14,clarabel,low_accuracy,0.000414100009948,True,0.0,4.333420558153001e-18,2.5847534989887093e-06
arm_ur3_qp_ 14,cvxopt,default,0.010946900001727,True,0.0,1.0408340855860844e-17,7.500895026467131e-09
arm_ur3_qp_ 14,cvxopt,high_accuracy,0.0096513000316917,True,0.0,1.0408340855860844e-17,7.500895026467131e-09
arm_ur3_qp_ 14,cvxopt,low_accuracy,0.0120525999809615,True,0.0,1.0408340855860844e-17,7.500895026467131e-09
arm_ur3_qp_ 14,daqp,default,0.0001458000042475,True,0.0,3.469446951953614e-18,3.2526065174565133e-19
arm_ur3_qp_ 14,daqp,high_accuracy,0.0001567000290378,True,0.0,3.469446951953614e-18,3.2526065174565133e-19
arm_ur3_qp_ 14,daqp,low_accuracy,0.0001404000213369,True,0.0,3.469446951953614e-18,3.2526065174565133e-19
arm_ur3_qp_ 14,ecos,default,0.0005907999584451,True,0.0,1.5706598911073215e-06,1.400299348399076e-08
arm_ur3_qp_ 14,ecos,high_accuracy,0.0005960999988019,True,0.0,1.5706598911073215e-06,1.400299348399076e-08
arm_ur3_qp_ 14,ecos,low_accuracy,0.0014853999600745,True,0.0,1.5706598911073215e-06,1.400299348399076e-08
arm_ur3_qp_ 14,highs,default,0.0009052999666891,True,0.0,0.0067507715197538,0.0001445475568242
arm_ur3_qp_ 14,highs,high_accuracy,0.0016997000202536,True,0.0,0.0067507715197538,0.0001445475568242
arm_ur3_qp_ 14,highs,low_accuracy,0.0009179000044241,True,0.0,0.0067507715197538,0.0001445475568242
arm_ur3_qp_ 14,osqp,default,0.0006248999852687,True,3.500839306914624e-05,6.405240168372295e-06,9.331366558598588e-07
arm_ur3_qp_ 14,osqp,high_accuracy,0.0004890999989584,True,1.768215088238101e-11,4.808697710856347e-12,2.8655669417204654e-13
arm_ur3_qp_ 14,osqp,low_accuracy,0.0004427999956533,True,3.500839306914624e-05,6.405240168372295e-06,9.331366558598588e-07
arm_ur3_qp_ 14,proxqp,default,0.0065563999814912,True,1.1915125828973472e-06,6.507855392816689e-11,1.1129155795606796e-08
arm_ur3_qp_ 14,proxqp,high_accuracy,0.006303799978923,True,9.092118065379127e-10,4.9519687395777057e-14,8.403632824338647e-12
arm_ur3_qp_ 14,proxqp,low_accuracy,0.0046114000142551,True,4.2939028734732126e-05,2.35810827835985e-09,4.1124127029038796e-07
arm_ur3_qp_ 14,quadprog,default,9.129999671131372e-05,True,1.3877787807814457e-17,1.7347234759768068e-17,4.336808689942019e-19
arm_ur3_qp_ 14,quadprog,high_accuracy,0.0001285999896936,True,1.3877787807814457e-17,1.7347234759768068e-17,4.336808689942019e-19
arm_ur3_qp_ 14,quadprog,low_accuracy,0.0001121999812312,True,1.3877787807814457e-17,1.7347234759768068e-17,4.336808689942019e-19
arm_ur3_qp_ 14,scs,default,0.0004814999992959,True,4.110950881756892e-07,1.779787496443419e-07,5.394826905623547e-10
arm_ur3_qp_ 14,scs,high_accuracy,0.000528700009454,True,4.6305245401945245e-10,1.1201869206528547e-10,6.156827272400106e-12
arm_ur3_qp_ 14,scs,low_accuracy,0.0007130000158213,True,4.110950881756892e-07,1.779787496443419e-07,5.394826905623547e-10
arm_ur3_qp_ 15,clarabel,default,0.0003031999804079,True,0.0,4.736816201928279e-13,2.7895088665179372e-09
arm_ur3_qp_ 15,clarabel,high_accuracy,0.0003125999937765,True,0.0,1.095243913743256e-14,2.800775561993818e-11
arm_ur3_qp_ 15,clarabel,low_accuracy,0.0003180999774485,True,0.0,6.938893903907228e-18,5.0262324466438446e-06
arm_ur3_qp_ 15,cvxopt,default,0.0095609999843873,True,0.0,1.7347234759768068e-17,1.3869869338982432e-08
arm_ur3_qp_ 15,cvxopt,high_accuracy,0.0101699999650008,True,0.0,1.7347234759768068e-17,1.3869869338982432e-08
arm_ur3_qp_ 15,cvxopt,low_accuracy,0.0119722000090405,True,0.0,1.7347234759768068e-17,1.3869869338982432e-08
arm_ur3_qp_ 15,daqp,default,0.0001122000394389,True,1.3877787807814457e-17,5.204170427930421e-18,0.0
arm_ur3_qp_ 15,daqp,high_accuracy,0.0001576999784447,True,1.3877787807814457e-17,5.204170427930421e-18,0.0
arm_ur3_qp_ 15,daqp,low_accuracy,0.0001157000078819,True,1.3877787807814457e-17,5.204170427930421e-18,0.0
arm_ur3_qp_ 15,ecos,default,0.0005965000018477,True,0.0,4.015251597601017e-06,3.915710605512535e-08
arm_ur3_qp_ 15,ecos,high_accuracy,0.000611099996604,True,0.0,4.015251597601017e-06,3.915710605512535e-08
arm_ur3_qp_ 15,ecos,low_accuracy,0.0008001999813131,True,0.0,4.015251597601017e-06,3.915710605512535e-08
arm_ur3_qp_ 15,highs,default,0.0009051000233739,True,0.0,0.006789182347598,0.0001244396638231
arm_ur3_qp_ 15,highs,high_accuracy,0.0008962999563664,True,0.0,0.006789182347598,0.0001244396638231
arm_ur3_qp_ 15,highs,low_accuracy,0.0014319000183604,True,0.0,0.006789182347598,0.0001244396638231
arm_ur3_qp_ 15,osqp,default,0.0004606000147759,True,5.3602954152912746e-05,8.637848850509555e-06,1.8750655959153416e-06
arm_ur3_qp_ 15,osqp,high_accuracy,0.0004921999643556,True,2.3599087961567733e-11,3.006582587061768e-10,1.0441482205768292e-11
arm_ur3_qp_ 15,osqp,low_accuracy,0.0013359999866224,True,5.3602954152912746e-05,8.637848850509555e-06,1.8750655959153416e-06
arm_ur3_qp_ 15,proxqp,default,0.0041879999917,True,0.0,3.887713716113714e-09,3.233063663095901e-07
arm_ur3_qp_ 15,proxqp,high_accuracy,0.0054141000146046,True,3.7660400145633766e-10,2.2758596222860472e-14,7.935044223257581e-12
arm_ur3_qp_ 15,proxqp,low_accuracy,0.0056694999802857,True,0.0,3.887713716113714e-09,3.233063663095901e-07
arm_ur3_qp_ 15,quadprog,default,9.970000246539712e-05,True,1.3877787807814457e-17,3.2309224740068026e-17,3.2526065174565133e-19
arm_ur3_qp_ 15,quadprog,high_accuracy,0.0001049999846145,True,1.3877787807814457e-17,3.2309224740068026e-17,3.2526065174565133e-19
arm_ur3_qp_ 15,quadprog,low_accuracy,9.839999256655574e-05,True,1.3877787807814457e-17,3.2309224740068026e-17,3.2526065174565133e-19
arm_ur3_qp_ 15,scs,default,0.0005277000018395,True,1.7158294818402089e-06,8.809557064512316e-08,6.329422040413264e-08
arm_ur3_qp_ 15,scs,high_accuracy,0.0004903000080958,True,8.062888377791121e-10,1.3780685446940222e-10,2.818634431758782e-11
arm_ur3_qp_ 15,scs,low_accuracy,0.0008560999995097,True,1.7158294818402089e-06,8.809557064512316e-08,6.329422040413264e-08
arm_ur3_qp_ 16,clarabel,default,0.0003193999873474,True,0.0,5.4793899613390654e-18,3.758042990079785e-09
arm_ur3_qp_ 16,clarabel,high_accuracy,0.000365599989891,True,0.0,7.682208967759907e-14,5.02327811508288e-11
arm_ur3_qp_ 16,clarabel,low_accuracy,0.0003312000189907,True,0.0,6.938893903907228e-18,7.0823524594304e-06
arm_ur3_qp_ 16,cvxopt,default,0.0077010999666526,True,0.0,3.469446951953614e-18,8.34314655542628e-08
arm_ur3_qp_ 16,cvxopt,high_accuracy,0.0094738999614492,True,0.0,3.469446951953614e-18,8.34314655542628e-08
arm_ur3_qp_ 16,cvxopt,low_accuracy,0.0099500999785959,True,0.0,3.469446951953614e-18,8.34314655542628e-08
arm_ur3_qp_ 16,daqp,default,0.0001120999804697,True,0.0,3.0357660829594124e-18,8.673617379884035e-19
arm_ur3_qp_ 16,daqp,high_accuracy,0.0001191000337712,True,0.0,3.0357660829594124e-18,8.673617379884035e-19
arm_ur3_qp_ 16,daqp,low_accuracy,0.0001188999740406,True,0.0,3.0357660829594124e-18,8.673617379884035e-19
arm_ur3_qp_ 16,ecos,default,0.00059389998205,True,0.0,7.518069563166385e-07,2.1517968706993504e-08
arm_ur3_qp_ 16,ecos,high_accuracy,0.0008228000369854,True,0.0,7.518069563166385e-07,2.1517968706993504e-08
arm_ur3_qp_ 16,ecos,low_accuracy,0.0008181000011973,True,0.0,7.518069563166385e-07,2.1517968706993504e-08
arm_ur3_qp_ 16,highs,default,0.0009126999648287,True,0.0,0.006344256249667,0.000102757895817
arm_ur3_qp_ 16,highs,high_accuracy,0.0008849999867379,True,0.0,0.006344256249667,0.000102757895817
arm_ur3_qp_ 16,highs,low_accuracy,0.001230800000485,True,0.0,0.006344256249667,0.000102757895817
arm_ur3_qp_ 16,osqp,default,0.0020591000211425,True,2.87739395857696e-05,1.367274208088215e-05,1.85710256332607e-06
arm_ur3_qp_ 16,osqp,high_accuracy,0.0007315000402741,True,2.302127585784852e-11,2.154958503308713e-12,1.1411612757181169e-12
arm_ur3_qp_ 16,osqp,low_accuracy,0.0007528999703936,True,2.87739395857696e-05,1.367274208088215e-05,1.85710256332607e-06
arm_ur3_qp_ 16,proxqp,default,0.003253000031691,True,3.0240479321798357e-06,6.146649516951783e-10,2.9843047787559817e-07
arm_ur3_qp_ 16,proxqp,high_accuracy,0.0041337000438943,True,9.511465920430949e-11,7.198668744434755e-15,4.708847027579122e-12
